product_name,product_url,product_image_link,product_price
Libra,https://www.glassesshop.com/eyeglasses/fp2047,"https://glassesshop-res.cloudinary.com/c_fill,f_auto,fl_lossy,q_auto,w_800,h_400,c_pad/products/202002/5e43692687da0.jpg",$24.95
Benjamin,https://www.glassesshop.com/eyeglasses/fm1466,"https://glassesshop-res.cloudinary.com/c_fill,f_auto,fl_lossy,q_auto,w_800,h_400,c_pad/products/202006/5eddb2e6b03a7.jpg",$29.95
Prairie,https://www.glassesshop.com/eyeglasses/fz1461,"https://glassesshop-res.cloudinary.com/c_fill,f_auto,fl_lossy,q_auto,w_800,h_400,c_pad/products/202005/5eb913470af6b.jpg",$34.95
Taurus,https://www.glassesshop.com/eyeglasses/fp2134,"https://glassesshop-res.cloudinary.com/c_fill,f_auto,fl_lossy,q_auto,w_800,h_400,c_pad/products/202010/5f92387b3fd44.jpg",$24.95
Haywood,https://www.glassesshop.com/eyeglasses/fm1354,"https://glassesshop-res.cloudinary.com/c_fill,f_auto,fl_lossy,q_auto,w_800,h_400,c_pad/products/201812/5c2436744ec7f.jpg",$29.95
Gulfport,https://www.glassesshop.com/eyeglasses/fp2108,"https://glassesshop-res.cloudinary.com/c_fill,f_auto,fl_lossy,q_auto,w_800,h_400,c_pad/products/202006/5ef06e47d9508.jpg",$19.95
Hayden,https://www.glassesshop.com/eyeglasses/fp1237,"https://glassesshop-res.cloudinary.com/c_fill,f_auto,fl_lossy,q_auto,w_800,h_400,c_pad/products/201611/582e6147edb26.jpg",$24.95
Joplin,https://www.glassesshop.com/eyeglasses/fz1491,"https://glassesshop-res.cloudinary.com/c_fill,f_auto,fl_lossy,q_auto,w_800,h_400,c_pad/products/202008/5f30c11add35e.jpg",$24.95
Gulfport,https://www.glassesshop.com/eyeglasses/fp2106,"https://glassesshop-res.cloudinary.com/c_fill,f_auto,fl_lossy,q_auto,w_800,h_400,c_pad/products/202006/5ef06e3a89c4c.jpg",$19.95
Riverside,https://www.glassesshop.com/eyeglasses/fm1385,"https://glassesshop-res.cloudinary.com/c_fill,f_auto,fl_lossy,q_auto,w_800,h_400,c_pad/products/201906/5d031896295ff.jpg",$19.95
Martin,https://www.glassesshop.com/eyeglasses/sm0795,"https://glassesshop-res.cloudinary.com/c_fill,f_auto,fl_lossy,q_auto,w_800,h_400,c_pad/products/201803/5ab4ad5bc248c.jpg",$29.95
Taurus,https://www.glassesshop.com/eyeglasses/fp2071,"https://glassesshop-res.cloudinary.com/c_fill,f_auto,fl_lossy,q_auto,w_800,h_400,c_pad/products/202011/5fb61cb0e291c.jpg",$24.95
Saxton,https://www.glassesshop.com/eyeglasses/fm1499,"https://glassesshop-res.cloudinary.com/c_fill,f_auto,fl_lossy,q_auto,w_800,h_400,c_pad/products/202009/5f616c753590c.jpg",$39.95
Taurus,https://www.glassesshop.com/eyeglasses/fp2043,"https://glassesshop-res.cloudinary.com/c_fill,f_auto,fl_lossy,q_auto,w_800,h_400,c_pad/products/202002/5e43690b02bb9.jpg",$24.95
Hume,https://www.glassesshop.com/eyeglasses/fz1297,"https://glassesshop-res.cloudinary.com/c_fill,f_auto,fl_lossy,q_auto,w_800,h_400,c_pad/products/201901/5c3403881a8fe.jpg",$29.95
Willie,https://www.glassesshop.com/eyeglasses/sm0860,"https://glassesshop-res.cloudinary.com/c_fill,f_auto,fl_lossy,q_auto,w_800,h_400,c_pad/products/201810/5bbc51096d6bb.jpg",$19.95
Rochester,https://www.glassesshop.com/eyeglasses/fm1263,"https://glassesshop-res.cloudinary.com/c_fill,f_auto,fl_lossy,q_auto,w_800,h_400,c_pad/products/201906/5cf730e71cec3.jpg",$29.95
Oberlin,https://www.glassesshop.com/eyeglasses/fp2035,"https://glassesshop-res.cloudinary.com/c_fill,f_auto,fl_lossy,q_auto,w_800,h_400,c_pad/products/201911/5dbfed02cae13.jpg",$19.95
Oberlin,https://www.glassesshop.com/eyeglasses/fp2034,"https://glassesshop-res.cloudinary.com/c_fill,f_auto,fl_lossy,q_auto,w_800,h_400,c_pad/products/202004/5e914ad60c331.jpg",$19.95
Lyndon,https://www.glassesshop.com/eyeglasses/fm1286,"https://glassesshop-res.cloudinary.com/c_fill,f_auto,fl_lossy,q_auto,w_800,h_400,c_pad/products/201807/5b5fc1d09945c.jpg",$19.95
Bronx,https://www.glassesshop.com/eyeglasses/fp1979,"https://glassesshop-res.cloudinary.com/c_fill,f_auto,fl_lossy,q_auto,w_800,h_400,c_pad/products/201910/5d9ff9961f92a.jpg",$12.95
Oberlin,https://www.glassesshop.com/eyeglasses/fp2033,"https://glassesshop-res.cloudinary.com/c_fill,f_auto,fl_lossy,q_auto,w_800,h_400,c_pad/products/202004/5e914ace4f273.jpg",$19.95
Oberlin,https://www.glassesshop.com/eyeglasses/fp2032,"https://glassesshop-res.cloudinary.com/c_fill,f_auto,fl_lossy,q_auto,w_800,h_400,c_pad/products/202001/5e28f5edb550c.jpg",$19.95
Cooksville,https://www.glassesshop.com/eyeglasses/fp2010,"https://glassesshop-res.cloudinary.com/c_fill,f_auto,fl_lossy,q_auto,w_800,h_400,c_pad/products/202009/5f59eebb5cf10.jpg",$12.95
Asheville,https://www.glassesshop.com/eyeglasses/fp1992,"https://glassesshop-res.cloudinary.com/c_fill,f_auto,fl_lossy,q_auto,w_800,h_400,c_pad/products/202008/5f28fbc5c037b.jpg",$12.95
Rainbow,https://www.glassesshop.com/eyeglasses/fp2013,"https://glassesshop-res.cloudinary.com/c_fill,f_auto,fl_lossy,q_auto,w_800,h_400,c_pad/products/201910/5db16a534b675.jpg",$12.95
Miami,https://www.glassesshop.com/eyeglasses/fz1391,"https://glassesshop-res.cloudinary.com/c_fill,f_auto,fl_lossy,q_auto,w_800,h_400,c_pad/products/201910/5d9ffa6c561dc.jpg",$29.95
Lindsay,https://www.glassesshop.com/eyeglasses/fz1382,"https://glassesshop-res.cloudinary.com/c_fill,f_auto,fl_lossy,q_auto,w_800,h_400,c_pad/products/201908/5d4d19dba44c0.jpg",$29.95
Whittier,https://www.glassesshop.com/eyeglasses/fz1313,"https://glassesshop-res.cloudinary.com/c_fill,f_auto,fl_lossy,q_auto,w_800,h_400,c_pad/products/201906/5cf8ca4e9765e.jpg",$29.95
Dubois,https://www.glassesshop.com/eyeglasses/ft0326,"https://glassesshop-res.cloudinary.com/c_fill,f_auto,fl_lossy,q_auto,w_800,h_400,c_pad/products/201908/5d4d180867511.jpg",$49.95
Marlowe,https://www.glassesshop.com/eyeglasses/sup0711,"https://glassesshop-res.cloudinary.com/c_fill,f_auto,fl_lossy,q_auto,w_800,h_400,c_pad/products/201907/5d268bd89da12.jpg",$19.95
Horatio,https://www.glassesshop.com/eyeglasses/sm0874,"https://glassesshop-res.cloudinary.com/c_fill,f_auto,fl_lossy,q_auto,w_800,h_400,c_pad/products/201812/5c2436850e3f4.jpg",$19.95
Maltz,https://www.glassesshop.com/eyeglasses/fz1370,"https://glassesshop-res.cloudinary.com/c_fill,f_auto,fl_lossy,q_auto,w_800,h_400,c_pad/products/201907/5d268bd88f69a.jpg",$29.95
Celia,https://www.glassesshop.com/eyeglasses/fm1389,"https://glassesshop-res.cloudinary.com/c_fill,f_auto,fl_lossy,q_auto,w_800,h_400,c_pad/products/201906/5d03189638680.jpg",$19.95
Celia,https://www.glassesshop.com/eyeglasses/fm1387,"https://glassesshop-res.cloudinary.com/c_fill,f_auto,fl_lossy,q_auto,w_800,h_400,c_pad/products/201906/5d031896311f6.jpg",$19.95
Owen,https://www.glassesshop.com/eyeglasses/fp1651,"https://glassesshop-res.cloudinary.com/c_fill,f_auto,fl_lossy,q_auto,w_800,h_400,c_pad/products/201805/5afe7ed0f360c.jpg",$19.95
Annabel,https://www.glassesshop.com/eyeglasses/ft0304,"https://glassesshop-res.cloudinary.com/c_fill,f_auto,fl_lossy,q_auto,w_800,h_400,c_pad/products/201906/5d0318965cdb1.jpg",$39.95
Wilker,https://www.glassesshop.com/eyeglasses/sup0622,"https://glassesshop-res.cloudinary.com/c_fill,f_auto,fl_lossy,q_auto,w_800,h_400,c_pad/products/201904/5cb69b5e59b5c.jpg",$29.95
Pete,https://www.glassesshop.com/eyeglasses/fz1207,"https://glassesshop-res.cloudinary.com/c_fill,f_auto,fl_lossy,q_auto,w_800,h_400,c_pad/products/201807/5b4c5f5d54841.jpg",$29.95
Westlake,https://www.glassesshop.com/eyeglasses/fz1437,"https://glassesshop-res.cloudinary.com/c_fill,f_auto,fl_lossy,q_auto,w_800,h_400,c_pad/products/202005/5eb9129c7a05e.jpg",$44.95
Genevieve,https://www.glassesshop.com/eyeglasses/fz1268,"https://glassesshop-res.cloudinary.com/c_fill,f_auto,fl_lossy,q_auto,w_800,h_400,c_pad/products/201810/5bbc509cc7c07.jpg",$34.95
Vivian,https://www.glassesshop.com/eyeglasses/fz1250,"https://glassesshop-res.cloudinary.com/c_fill,f_auto,fl_lossy,q_auto,w_800,h_400,c_pad/products/201810/5bbc4f0f37405.jpg",$29.95
Burke,https://www.glassesshop.com/eyeglasses/fm1243,"https://glassesshop-res.cloudinary.com/c_fill,f_auto,fl_lossy,q_auto,w_800,h_400,c_pad/products/201805/5b05174513cea.jpg",$24.95
Jean,https://www.glassesshop.com/eyeglasses/fp1719,"https://glassesshop-res.cloudinary.com/c_fill,f_auto,fl_lossy,q_auto,w_800,h_400,c_pad/products/201902/5c7757050ca47.jpg",$24.95
Derrick,https://www.glassesshop.com/eyeglasses/fp1661,"https://glassesshop-res.cloudinary.com/c_fill,f_auto,fl_lossy,q_auto,w_800,h_400,c_pad/products/201805/5af16009d7b28.jpg",$24.95
Prince,https://www.glassesshop.com/eyeglasses/fp1438,"https://glassesshop-res.cloudinary.com/c_fill,f_auto,fl_lossy,q_auto,w_800,h_400,c_pad/products/202005/5eb91ab52f793.jpg",$19.95
Mandy,https://www.glassesshop.com/eyeglasses/fz1088,"https://glassesshop-res.cloudinary.com/c_fill,f_auto,fl_lossy,q_auto,w_800,h_400,c_pad/products/201805/5af25c0791bb4.jpg",$29.95
Haggai,https://www.glassesshop.com/eyeglasses/fp1775,"https://glassesshop-res.cloudinary.com/c_fill,f_auto,fl_lossy,q_auto,w_800,h_400,c_pad/products/202005/5ecb7f0658107.jpg",$24.95
Poppy,https://www.glassesshop.com/eyeglasses/fz1032,"https://glassesshop-res.cloudinary.com/c_fill,f_auto,fl_lossy,q_auto,w_800,h_400,c_pad/products/202010/5f990771305f0.jpg",$19.95
Christine,https://www.glassesshop.com/eyeglasses/fz1519,"https://glassesshop-res.cloudinary.com/c_fill,f_auto,fl_lossy,q_auto,w_800,h_400,c_pad/products/202009/5f6870463d4b7.jpg",$39.95
Butler,https://www.glassesshop.com/eyeglasses/fp1841,"https://glassesshop-res.cloudinary.com/c_fill,f_auto,fl_lossy,q_auto,w_800,h_400,c_pad/products/201904/5cb69b512d7b0.jpg",$19.95
Oneida,https://www.glassesshop.com/eyeglasses/ft0405,"https://glassesshop-res.cloudinary.com/c_fill,f_auto,fl_lossy,q_auto,w_800,h_400,c_pad/products/202009/5f5f30e761077.jpg",$44.95
Amelia,https://www.glassesshop.com/eyeglasses/fm1468,"https://glassesshop-res.cloudinary.com/c_fill,f_auto,fl_lossy,q_auto,w_800,h_400,c_pad/products/202011/5fa35a38a05d9.jpg",$34.95
Althea,https://www.glassesshop.com/eyeglasses/fp2111,"https://glassesshop-res.cloudinary.com/c_fill,f_auto,fl_lossy,q_auto,w_800,h_400,c_pad/products/202007/5f0d02e66cf0b.jpg",$19.95
Libra,https://www.glassesshop.com/eyeglasses/fp2046,"https://glassesshop-res.cloudinary.com/c_fill,f_auto,fl_lossy,q_auto,w_800,h_400,c_pad/products/202002/5e43691fca28d.jpg",$24.95
Gulfport,https://www.glassesshop.com/eyeglasses/fp2107,"https://glassesshop-res.cloudinary.com/c_fill,f_auto,fl_lossy,q_auto,w_800,h_400,c_pad/products/202006/5ef06e410e21c.jpg",$19.95
Lagrange,https://www.glassesshop.com/eyeglasses/fz1411,"https://glassesshop-res.cloudinary.com/c_fill,f_auto,fl_lossy,q_auto,w_800,h_400,c_pad/products/202004/5ea6ac493fdf0.jpg",$29.95
Miami,https://www.glassesshop.com/eyeglasses/fz0981,"https://glassesshop-res.cloudinary.com/c_fill,f_auto,fl_lossy,q_auto,w_800,h_400,c_pad/products/201704/58f85d7927324.jpg",$29.95
Glenview,https://www.glassesshop.com/eyeglasses/ft0364,"https://glassesshop-res.cloudinary.com/c_fill,f_auto,fl_lossy,q_auto,w_800,h_400,c_pad/products/202002/5e4288d506c67.jpg",$49.95
Evanston,https://www.glassesshop.com/eyeglasses/sup0791,"https://glassesshop-res.cloudinary.com/c_fill,f_auto,fl_lossy,q_auto,w_800,h_400,c_pad/products/202007/5f1e8acd71af1.jpg",$29.95
Walnut,https://www.glassesshop.com/eyeglasses/sup0821,"https://glassesshop-res.cloudinary.com/c_fill,f_auto,fl_lossy,q_auto,w_800,h_400,c_pad/products/202004/5e93cdb77d4ef.jpg",$29.95
Fresno,https://www.glassesshop.com/eyeglasses/fp2036,"https://glassesshop-res.cloudinary.com/c_fill,f_auto,fl_lossy,q_auto,w_800,h_400,c_pad/products/202002/5e377f634cb1c.jpg",$12.95
Smith,https://www.glassesshop.com/eyeglasses/fm1419,"https://glassesshop-res.cloudinary.com/c_fill,f_auto,fl_lossy,q_auto,w_800,h_400,c_pad/products/202002/5e377f5bbd9ec.jpg",$29.95
Bronx,https://www.glassesshop.com/eyeglasses/fp1977,"https://glassesshop-res.cloudinary.com/c_fill,f_auto,fl_lossy,q_auto,w_800,h_400,c_pad/products/201910/5d9ff988f285a.jpg",$12.95
Mobile,https://www.glassesshop.com/eyeglasses/ft0359,"https://glassesshop-res.cloudinary.com/c_fill,f_auto,fl_lossy,q_auto,w_800,h_400,c_pad/products/202002/5e377f95ab765.jpg",$39.95
Joni,https://www.glassesshop.com/eyeglasses/fp2024,"https://glassesshop-res.cloudinary.com/c_fill,f_auto,fl_lossy,q_auto,w_800,h_400,c_pad/products/202006/5eddf0b0da7ac.jpg",$29.95
Asheville,https://www.glassesshop.com/eyeglasses/fp1990,"https://glassesshop-res.cloudinary.com/c_fill,f_auto,fl_lossy,q_auto,w_800,h_400,c_pad/products/201910/5d9ff9e0a3ca8.jpg",$12.95
Labrador,https://www.glassesshop.com/eyeglasses/fp1988,"https://glassesshop-res.cloudinary.com/c_fill,f_auto,fl_lossy,q_auto,w_800,h_400,c_pad/products/201910/5d9ff9d397b90.jpg",$12.95
Bronx,https://www.glassesshop.com/eyeglasses/fp1978,"https://glassesshop-res.cloudinary.com/c_fill,f_auto,fl_lossy,q_auto,w_800,h_400,c_pad/products/201910/5d9ff98fb140d.jpg",$12.95
Wilsen,https://www.glassesshop.com/eyeglasses/fz1315,"https://glassesshop-res.cloudinary.com/c_fill,f_auto,fl_lossy,q_auto,w_800,h_400,c_pad/products/201906/5cf8ca4ea18c0.jpg",$29.95
Eleanor,https://www.glassesshop.com/eyeglasses/fp1948,"https://glassesshop-res.cloudinary.com/c_fill,f_auto,fl_lossy,q_auto,w_800,h_400,c_pad/products/202005/5ec4810dc05c2.jpg",$12.95
Burke,https://www.glassesshop.com/eyeglasses/fm1244,"https://glassesshop-res.cloudinary.com/c_fill,f_auto,fl_lossy,q_auto,w_800,h_400,c_pad/products/201805/5b05174d38e7e.jpg",$24.95
Bray,https://www.glassesshop.com/eyeglasses/fp1923,"https://glassesshop-res.cloudinary.com/c_fill,f_auto,fl_lossy,q_auto,w_800,h_400,c_pad/products/201908/5d4d18fc8b7fc.jpg",$12.95
Bobosa,https://www.glassesshop.com/eyeglasses/fz1375,"https://glassesshop-res.cloudinary.com/c_fill,f_auto,fl_lossy,q_auto,w_800,h_400,c_pad/products/201907/5d2d2660a22b3.jpg",$29.95
Vogt,https://www.glassesshop.com/eyeglasses/fz1320,"https://glassesshop-res.cloudinary.com/c_fill,f_auto,fl_lossy,q_auto,w_800,h_400,c_pad/products/201906/5cf8ca4eb5fb5.jpg",$29.95
Hume,https://www.glassesshop.com/eyeglasses/fz1299,"https://glassesshop-res.cloudinary.com/c_fill,f_auto,fl_lossy,q_auto,w_800,h_400,c_pad/products/201901/5c340388202fb.jpg",$29.95
Jinbee,https://www.glassesshop.com/eyeglasses/fp1903,"https://glassesshop-res.cloudinary.com/c_fill,f_auto,fl_lossy,q_auto,w_800,h_400,c_pad/products/201905/5ce3ad100f3fe.jpg",$19.95
Tacab,https://www.glassesshop.com/eyeglasses/fp1831,"https://glassesshop-res.cloudinary.com/c_fill,f_auto,fl_lossy,q_auto,w_800,h_400,c_pad/products/201904/5cb69b5102348.jpg",$19.95
Averies,https://www.glassesshop.com/eyeglasses/fp1828,"https://glassesshop-res.cloudinary.com/c_fill,f_auto,fl_lossy,q_auto,w_800,h_400,c_pad/products/202011/5fa4a3c7456f2.jpg",$19.95
Newark,https://www.glassesshop.com/eyeglasses/fm1372,"https://glassesshop-res.cloudinary.com/c_fill,f_auto,fl_lossy,q_auto,w_800,h_400,c_pad/products/201903/5c99cd282b827.jpg",$24.95
Hume,https://www.glassesshop.com/eyeglasses/fz1298,"https://glassesshop-res.cloudinary.com/c_fill,f_auto,fl_lossy,q_auto,w_800,h_400,c_pad/products/201901/5c3403881d955.jpg",$29.95
Haywood,https://www.glassesshop.com/eyeglasses/fm1353,"https://glassesshop-res.cloudinary.com/c_fill,f_auto,fl_lossy,q_auto,w_800,h_400,c_pad/products/201812/5c2436744bcc2.jpg",$29.95
Haywood,https://www.glassesshop.com/eyeglasses/fm1352,"https://glassesshop-res.cloudinary.com/c_fill,f_auto,fl_lossy,q_auto,w_800,h_400,c_pad/products/201812/5c243674485c6.jpg",$29.95
Robben,https://www.glassesshop.com/eyeglasses/ft0242,"https://glassesshop-res.cloudinary.com/c_fill,f_auto,fl_lossy,q_auto,w_800,h_400,c_pad/products/201810/5bbc4f036842a.jpg",$39.95
Ezekiel,https://www.glassesshop.com/eyeglasses/fz1278,"https://glassesshop-res.cloudinary.com/c_fill,f_auto,fl_lossy,q_auto,w_800,h_400,c_pad/products/201810/5bbc50f66304b.jpg",$29.95
Genevieve,https://www.glassesshop.com/eyeglasses/fz1270,"https://glassesshop-res.cloudinary.com/c_fill,f_auto,fl_lossy,q_auto,w_800,h_400,c_pad/products/201812/5c26d172e6aa2.jpg",$34.95
Winchester,https://www.glassesshop.com/eyeglasses/fp1770,"https://glassesshop-res.cloudinary.com/c_fill,f_auto,fl_lossy,q_auto,w_800,h_400,c_pad/products/201809/5bac31dd12811.jpg",$19.95
Murphy,https://www.glassesshop.com/eyeglasses/fp1747,"https://glassesshop-res.cloudinary.com/c_fill,f_auto,fl_lossy,q_auto,w_800,h_400,c_pad/products/201807/5b5fc22e9933f.jpg",$39.95
Pete,https://www.glassesshop.com/eyeglasses/fz1209,"https://glassesshop-res.cloudinary.com/c_fill,f_auto,fl_lossy,q_auto,w_800,h_400,c_pad/products/202008/5f4775478f20c.jpg",$29.95
Pete,https://www.glassesshop.com/eyeglasses/fz1208,"https://glassesshop-res.cloudinary.com/c_fill,f_auto,fl_lossy,q_auto,w_800,h_400,c_pad/products/201807/5b4c5f6565a61.jpg",$19.95
Jean,https://www.glassesshop.com/eyeglasses/fp1718,"https://glassesshop-res.cloudinary.com/c_fill,f_auto,fl_lossy,q_auto,w_800,h_400,c_pad/products/202010/5f9624a245c0e.jpg",$19.95
Jean,https://www.glassesshop.com/eyeglasses/fp1717,"https://glassesshop-res.cloudinary.com/c_fill,f_auto,fl_lossy,q_auto,w_800,h_400,c_pad/products/201805/5b03bc6e7b94e.jpg",$24.95
Lexingto,https://www.glassesshop.com/eyeglasses/fp1695,"https://glassesshop-res.cloudinary.com/c_fill,f_auto,fl_lossy,q_auto,w_800,h_400,c_pad/products/201805/5b03be9da29e0.jpg",$19.95
Lexingto,https://www.glassesshop.com/eyeglasses/fp1694,"https://glassesshop-res.cloudinary.com/c_fill,f_auto,fl_lossy,q_auto,w_800,h_400,c_pad/products/201805/5b03be967b506.jpg",$19.95
Isaiah,https://www.glassesshop.com/eyeglasses/fp1643,"https://glassesshop-res.cloudinary.com/c_fill,f_auto,fl_lossy,q_auto,w_800,h_400,c_pad/products/202008/5f4775405e761.jpg",$19.95
Cooksville,https://www.glassesshop.com/eyeglasses/fp1568,"https://glassesshop-res.cloudinary.com/c_fill,f_auto,fl_lossy,q_auto,w_800,h_400,c_pad/products/202005/5eb91ac41a1bc.jpg",$24.95
Mandy,https://www.glassesshop.com/eyeglasses/fz1090,"https://glassesshop-res.cloudinary.com/c_fill,f_auto,fl_lossy,q_auto,w_800,h_400,c_pad/products/201710/59e01c58d5a53.jpg",$29.95
Mandy,https://www.glassesshop.com/eyeglasses/fz1089,"https://glassesshop-res.cloudinary.com/c_fill,f_auto,fl_lossy,q_auto,w_800,h_400,c_pad/products/201710/59e01c51ef38a.jpg",$29.95
Mandy,https://www.glassesshop.com/eyeglasses/fz1087,"https://glassesshop-res.cloudinary.com/c_fill,f_auto,fl_lossy,q_auto,w_800,h_400,c_pad/products/201710/59e01c443bff6.jpg",$29.95
Nicole,https://www.glassesshop.com/eyeglasses/fz1083,"https://glassesshop-res.cloudinary.com/c_fill,f_auto,fl_lossy,q_auto,w_800,h_400,c_pad/products/201710/59e01c2604ce3.jpg",$19.95
Hillsborough,https://www.glassesshop.com/eyeglasses/fp0989,"https://glassesshop-res.cloudinary.com/c_fill,f_auto,fl_lossy,q_auto,w_800,h_400,c_pad/products/201808/5b873cb01adee.jpg",$19.95
Murphy,https://www.glassesshop.com/eyeglasses/fp1746,"https://glassesshop-res.cloudinary.com/c_fill,f_auto,fl_lossy,q_auto,w_800,h_400,c_pad/products/201811/5bebc0387547c.jpg",$39.95
Milne,https://www.glassesshop.com/eyeglasses/fz1357,"https://glassesshop-res.cloudinary.com/c_fill,f_auto,fl_lossy,q_auto,w_800,h_400,c_pad/products/201907/5d1dad7e883b2.jpg",$9.95
Baldwin,https://www.glassesshop.com/eyeglasses/fp1619,"https://glassesshop-res.cloudinary.com/c_fill,f_auto,fl_lossy,q_auto,w_800,h_400,c_pad/products/201805/5afe7d1daed84.jpg",$19.95
Glendale,https://www.glassesshop.com/eyeglasses/fp2121,"https://glassesshop-res.cloudinary.com/c_fill,f_auto,fl_lossy,q_auto,w_800,h_400,c_pad/products/202008/5f30d2fad8395.jpg",$24.95
Annabelle,https://www.glassesshop.com/eyeglasses/fp2086,"https://glassesshop-res.cloudinary.com/c_fill,f_auto,fl_lossy,q_auto,w_800,h_400,c_pad/products/202005/5eb8b58e68ce6.jpg",$24.95
Labrador,https://www.glassesshop.com/eyeglasses/fp1989,"https://glassesshop-res.cloudinary.com/c_fill,f_auto,fl_lossy,q_auto,w_800,h_400,c_pad/products/201910/5d9ff9da1df35.jpg",$12.95
Thomasville,https://www.glassesshop.com/eyeglasses/fp1563,"https://glassesshop-res.cloudinary.com/c_fill,f_auto,fl_lossy,q_auto,w_800,h_400,c_pad/products/202005/5eb91abca5cd5.jpg",$24.95
Poppy,https://www.glassesshop.com/eyeglasses/fz1573,"https://glassesshop-res.cloudinary.com/c_fill,f_auto,fl_lossy,q_auto,w_800,h_400,c_pad/products/202010/5f990bbe2ab21.jpg",$29.95
Joni,https://www.glassesshop.com/eyeglasses/fp2023,"https://glassesshop-res.cloudinary.com/c_fill,f_auto,fl_lossy,q_auto,w_800,h_400,c_pad/products/201911/5dd3994cc9705.jpg",$29.95
Willie,https://www.glassesshop.com/eyeglasses/sm0862,"https://glassesshop-res.cloudinary.com/c_fill,f_auto,fl_lossy,q_auto,w_800,h_400,c_pad/products/201810/5bbc510972368.jpg",$19.95
Tiffen,https://www.glassesshop.com/eyeglasses/fp1443,"https://glassesshop-res.cloudinary.com/c_fill,f_auto,fl_lossy,q_auto,w_800,h_400,c_pad/products/201711/59fd64946717c.jpg",$19.95
Salinas,https://www.glassesshop.com/eyeglasses/fp2124,"https://glassesshop-res.cloudinary.com/c_fill,f_auto,fl_lossy,q_auto,w_800,h_400,c_pad/products/202008/5f30d30f5d6a5.jpg",$24.95
Fresno,https://www.glassesshop.com/eyeglasses/fp2039,"https://glassesshop-res.cloudinary.com/c_fill,f_auto,fl_lossy,q_auto,w_800,h_400,c_pad/products/202002/5e377f795f84d.jpg",$12.95
Omar,https://www.glassesshop.com/eyeglasses/fm1271,"https://glassesshop-res.cloudinary.com/c_fill,f_auto,fl_lossy,q_auto,w_800,h_400,c_pad/products/201807/5b4c4d7b98167.jpg",$19.95
Darcy,https://www.glassesshop.com/eyeglasses/sm0787,"https://glassesshop-res.cloudinary.com/c_fill,f_auto,fl_lossy,q_auto,w_800,h_400,c_pad/products/201811/5bff5bf283882.jpg",$19.95
Darlene,https://www.glassesshop.com/eyeglasses/fp1181,"https://glassesshop-res.cloudinary.com/c_fill,f_auto,fl_lossy,q_auto,w_800,h_400,c_pad/products/202004/5e9808da44c7a.jpg",$19.95
Genevieve,https://www.glassesshop.com/eyeglasses/fz1269,"https://glassesshop-res.cloudinary.com/c_fill,f_auto,fl_lossy,q_auto,w_800,h_400,c_pad/products/201810/5bbc509cca408.jpg",$34.95
Hyannis,https://www.glassesshop.com/eyeglasses/fp1110,"https://glassesshop-res.cloudinary.com/c_fill,f_auto,fl_lossy,q_auto,w_800,h_400,c_pad/products/201708/5983fe65ed003.jpg",$29.95
Jerry,https://www.glassesshop.com/eyeglasses/fp1593,"https://glassesshop-res.cloudinary.com/c_fill,f_auto,fl_lossy,q_auto,w_800,h_400,c_pad/products/201805/5afb961147318.jpg",$24.95
Eleanor,https://www.glassesshop.com/eyeglasses/fp1949,"https://glassesshop-res.cloudinary.com/c_fill,f_auto,fl_lossy,q_auto,w_800,h_400,c_pad/products/202008/5f28fbbee8ec8.jpg",$12.95
Leigh,https://www.glassesshop.com/eyeglasses/fz1368,"https://glassesshop-res.cloudinary.com/c_fill,f_auto,fl_lossy,q_auto,w_800,h_400,c_pad/products/201907/5d268bd885fb9.jpg",$29.95
Flushing,https://www.glassesshop.com/eyeglasses/fp1972,"https://glassesshop-res.cloudinary.com/c_fill,f_auto,fl_lossy,q_auto,w_800,h_400,c_pad/products/201910/5da92ccb3d0a5.jpg",$12.95
Kelowna,https://www.glassesshop.com/eyeglasses/fp1409,"https://glassesshop-res.cloudinary.com/c_fill,f_auto,fl_lossy,q_auto,w_800,h_400,c_pad/products/201710/59e4597b52b63.jpg",$19.95
Benjamin,https://www.glassesshop.com/eyeglasses/fm1467,"https://glassesshop-res.cloudinary.com/c_fill,f_auto,fl_lossy,q_auto,w_800,h_400,c_pad/products/202006/5eddb2edc1f7e.jpg",$29.95
Fresno,https://www.glassesshop.com/eyeglasses/fp2037,"https://glassesshop-res.cloudinary.com/c_fill,f_auto,fl_lossy,q_auto,w_800,h_400,c_pad/products/202002/5e377f6ae302a.jpg",$12.95
Arlene,https://www.glassesshop.com/eyeglasses/fp1764,"https://glassesshop-res.cloudinary.com/c_fill,f_auto,fl_lossy,q_auto,w_800,h_400,c_pad/products/201808/5b7e0ee2975f3.jpg",$24.95
Burke,https://www.glassesshop.com/eyeglasses/fm1245,"https://glassesshop-res.cloudinary.com/c_fill,f_auto,fl_lossy,q_auto,w_800,h_400,c_pad/products/201805/5b0fae09bbb09.jpg",$24.95
Baldwin,https://www.glassesshop.com/eyeglasses/fp1618,"https://glassesshop-res.cloudinary.com/c_fill,f_auto,fl_lossy,q_auto,w_800,h_400,c_pad/products/201805/5afe7d156f3d7.jpg",$19.95
Adam,https://www.glassesshop.com/eyeglasses/fp1543,"https://glassesshop-res.cloudinary.com/c_fill,f_auto,fl_lossy,q_auto,w_800,h_400,c_pad/products/201801/5a65815f91df3.jpg",$24.95
Joyce,https://www.glassesshop.com/eyeglasses/fp1505,"https://glassesshop-res.cloudinary.com/c_fill,f_auto,fl_lossy,q_auto,w_800,h_400,c_pad/products/201712/5a2f93753d9d9.jpg",$12.95
Holt,https://www.glassesshop.com/eyeglasses/fp1401,"https://glassesshop-res.cloudinary.com/c_fill,f_auto,fl_lossy,q_auto,w_800,h_400,c_pad/products/201708/59841308cc508.jpg",$19.95
Horatio,https://www.glassesshop.com/eyeglasses/sm0876,"https://glassesshop-res.cloudinary.com/c_fill,f_auto,fl_lossy,q_auto,w_800,h_400,c_pad/products/201812/5c24368513a4f.jpg",$19.95
Lyndon,https://www.glassesshop.com/eyeglasses/fm1285,"https://glassesshop-res.cloudinary.com/c_fill,f_auto,fl_lossy,q_auto,w_800,h_400,c_pad/products/201807/5b5fc1c88ba8a.jpg",$19.95
Terre,https://www.glassesshop.com/eyeglasses/rm0247,"https://glassesshop-res.cloudinary.com/c_fill,f_auto,fl_lossy,q_auto,w_800,h_400,c_pad/products/201703/58c7556ccda85.jpg",$32.95
Belle,https://www.glassesshop.com/eyeglasses/fp1768,"https://glassesshop-res.cloudinary.com/c_fill,f_auto,fl_lossy,q_auto,w_800,h_400,c_pad/products/201808/5b7e0ee2a1137.jpg",$19.95
Angel,https://www.glassesshop.com/eyeglasses/fp1646,"https://glassesshop-res.cloudinary.com/c_fill,f_auto,fl_lossy,q_auto,w_800,h_400,c_pad/products/201805/5afe7ea43b647.jpg",$19.95
Cooksville,https://www.glassesshop.com/eyeglasses/fp1567,"https://glassesshop-res.cloudinary.com/c_fill,f_auto,fl_lossy,q_auto,w_800,h_400,c_pad/products/201803/5ab4959c88ad9.jpg",$24.95
Irvine,https://www.glassesshop.com/eyeglasses/fp2072,"https://glassesshop-res.cloudinary.com/c_fill,f_auto,fl_lossy,q_auto,w_800,h_400,c_pad/products/202005/5eb8b52f69594.jpg",$24.95
Celia,https://www.glassesshop.com/eyeglasses/fm1388,"https://glassesshop-res.cloudinary.com/c_fill,f_auto,fl_lossy,q_auto,w_800,h_400,c_pad/products/201906/5d03189634ede.jpg",$19.95
Jinbee,https://www.glassesshop.com/eyeglasses/fp1904,"https://glassesshop-res.cloudinary.com/c_fill,f_auto,fl_lossy,q_auto,w_800,h_400,c_pad/products/201905/5ce3ad1014636.jpg",$19.95
Osmond,https://www.glassesshop.com/eyeglasses/fp1736,"https://glassesshop-res.cloudinary.com/c_fill,f_auto,fl_lossy,q_auto,w_800,h_400,c_pad/products/201807/5b4c4e070880d.jpg",$19.95
Thomasville,https://www.glassesshop.com/eyeglasses/fp1564,"https://glassesshop-res.cloudinary.com/c_fill,f_auto,fl_lossy,q_auto,w_800,h_400,c_pad/products/201803/5ab494f934f90.jpg",$24.95
Buckeye,https://www.glassesshop.com/eyeglasses/fz1094,"https://glassesshop-res.cloudinary.com/c_fill,f_auto,fl_lossy,q_auto,w_800,h_400,c_pad/products/201811/5bff5bf27139c.jpg",$29.95
Salinas,https://www.glassesshop.com/eyeglasses/fp2122,"https://glassesshop-res.cloudinary.com/c_fill,f_auto,fl_lossy,q_auto,w_800,h_400,c_pad/products/202008/5f30d301ad96c.jpg",$24.95
Astrid,https://www.glassesshop.com/eyeglasses/fp1500,"https://glassesshop-res.cloudinary.com/c_fill,f_auto,fl_lossy,q_auto,w_800,h_400,c_pad/products/202005/5ec744a8c80b0.jpg",$19.95
Kelowna,https://www.glassesshop.com/eyeglasses/fp1411,"https://glassesshop-res.cloudinary.com/c_fill,f_auto,fl_lossy,q_auto,w_800,h_400,c_pad/products/201710/59e4598958f4c.jpg",$19.95
Acacia,https://www.glassesshop.com/eyeglasses/fp1945,"https://glassesshop-res.cloudinary.com/c_fill,f_auto,fl_lossy,q_auto,w_800,h_400,c_pad/products/201910/5daeb701ef20c.jpg",$19.95
Martin,https://www.glassesshop.com/eyeglasses/sm0793,"https://glassesshop-res.cloudinary.com/c_fill,f_auto,fl_lossy,q_auto,w_800,h_400,c_pad/products/201803/5ab4ad4c8b0fd.jpg",$29.95
Joplin,https://www.glassesshop.com/eyeglasses/fz1490,"https://glassesshop-res.cloudinary.com/c_fill,f_auto,fl_lossy,q_auto,w_800,h_400,c_pad/products/202008/5f30c1144643e.jpg",$24.95
Mobile,https://www.glassesshop.com/eyeglasses/ft0360,"https://glassesshop-res.cloudinary.com/c_fill,f_auto,fl_lossy,q_auto,w_800,h_400,c_pad/products/202002/5e377f9ccb097.jpg",$39.95
Bruno,https://www.glassesshop.com/eyeglasses/fp1506,"https://glassesshop-res.cloudinary.com/c_fill,f_auto,fl_lossy,q_auto,w_800,h_400,c_pad/products/201811/5bff5bf26798e.jpg",$19.95
Salisbury,https://www.glassesshop.com/eyeglasses/fp2105,"https://glassesshop-res.cloudinary.com/c_fill,f_auto,fl_lossy,q_auto,w_800,h_400,c_pad/products/202006/5ef06e335153e.jpg",$19.95
Eden,https://www.glassesshop.com/eyeglasses/fp2065,"https://glassesshop-res.cloudinary.com/c_fill,f_auto,fl_lossy,q_auto,w_800,h_400,c_pad/products/202004/5ea6a71f36e14.jpg",$19.95
Bray,https://www.glassesshop.com/eyeglasses/fp1922,"https://glassesshop-res.cloudinary.com/c_fill,f_auto,fl_lossy,q_auto,w_800,h_400,c_pad/products/201908/5d4d18f87ede5.jpg",$12.95
Riverside,https://www.glassesshop.com/eyeglasses/fm1384,"https://glassesshop-res.cloudinary.com/c_fill,f_auto,fl_lossy,q_auto,w_800,h_400,c_pad/products/201906/5d0318962569f.jpg",$19.95
Butler,https://www.glassesshop.com/eyeglasses/fp1843,"https://glassesshop-res.cloudinary.com/c_fill,f_auto,fl_lossy,q_auto,w_800,h_400,c_pad/products/201904/5cb69b51374f0.jpg",$19.95
Isaiah,https://www.glassesshop.com/eyeglasses/fp1644,"https://glassesshop-res.cloudinary.com/c_fill,f_auto,fl_lossy,q_auto,w_800,h_400,c_pad/products/201805/5afe7e919eb7f.jpg",$19.95
Nicole,https://www.glassesshop.com/eyeglasses/fz1086,"https://glassesshop-res.cloudinary.com/c_fill,f_auto,fl_lossy,q_auto,w_800,h_400,c_pad/products/201710/59e01c3b75cd1.jpg",$29.95
Trenton,https://www.glassesshop.com/eyeglasses/fp1232,"https://glassesshop-res.cloudinary.com/c_fill,f_auto,fl_lossy,q_auto,w_800,h_400,c_pad/products/201611/58252d0bc746b.jpg",$19.95
Lagrange,https://www.glassesshop.com/eyeglasses/fz1410,"https://glassesshop-res.cloudinary.com/c_fill,f_auto,fl_lossy,q_auto,w_800,h_400,c_pad/products/202004/5ea6ac418dbbe.jpg",$29.95
Flushing,https://www.glassesshop.com/eyeglasses/fp1973,"https://glassesshop-res.cloudinary.com/c_fill,f_auto,fl_lossy,q_auto,w_800,h_400,c_pad/products/202006/5ee87209d7257.jpg",$12.95
Aiden,https://www.glassesshop.com/eyeglasses/fp1631,"https://glassesshop-res.cloudinary.com/c_fill,f_auto,fl_lossy,q_auto,w_800,h_400,c_pad/products/201805/5afe7d402928f.jpg",$19.95
Iowa,https://www.glassesshop.com/eyeglasses/fz1015,"https://glassesshop-res.cloudinary.com/c_fill,f_auto,fl_lossy,q_auto,w_800,h_400,c_pad/products/201707/595c863c38c17.jpg",$29.95
Brunswick,https://www.glassesshop.com/eyeglasses/fm1017,"https://glassesshop-res.cloudinary.com/c_fill,f_auto,fl_lossy,q_auto,w_800,h_400,c_pad/products/201805/5af13c7ed9208.jpg",$29.95
Bruno,https://www.glassesshop.com/eyeglasses/fp1508,"https://glassesshop-res.cloudinary.com/c_fill,f_auto,fl_lossy,q_auto,w_800,h_400,c_pad/products/201807/5b3b102ed9395.jpg",$19.95
Hartford,https://www.glassesshop.com/eyeglasses/fp2078,"https://glassesshop-res.cloudinary.com/c_fill,f_auto,fl_lossy,q_auto,w_800,h_400,c_pad/products/202005/5eb8b558a5c49.jpg",$24.95
Sarasota,https://www.glassesshop.com/eyeglasses/sup0798,"https://glassesshop-res.cloudinary.com/c_fill,f_auto,fl_lossy,q_auto,w_800,h_400,c_pad/products/202004/5e93cd08e1a75.jpg",$29.95
Whittier,https://www.glassesshop.com/eyeglasses/fz1311,"https://glassesshop-res.cloudinary.com/c_fill,f_auto,fl_lossy,q_auto,w_800,h_400,c_pad/products/201906/5cf8ca4e8f77c.jpg",$29.95
Buckeye,https://www.glassesshop.com/eyeglasses/fz1092,"https://glassesshop-res.cloudinary.com/c_fill,f_auto,fl_lossy,q_auto,w_800,h_400,c_pad/products/201710/59e01c66e7109.jpg",$29.95
Prima,https://www.glassesshop.com/eyeglasses/fz1464,"https://glassesshop-res.cloudinary.com/c_fill,f_auto,fl_lossy,q_auto,w_800,h_400,c_pad/products/202006/5ef06e784609c.jpg",$44.95
Annabelle,https://www.glassesshop.com/eyeglasses/fp2085,"https://glassesshop-res.cloudinary.com/c_fill,f_auto,fl_lossy,q_auto,w_800,h_400,c_pad/products/202005/5eb8b587b14b5.jpg",$24.95
Endicott,https://www.glassesshop.com/eyeglasses/fz1392,"https://glassesshop-res.cloudinary.com/c_fill,f_auto,fl_lossy,q_auto,w_800,h_400,c_pad/products/201910/5d9ffa72dbb0e.jpg",$29.95
Abina,https://www.glassesshop.com/eyeglasses/fp1938,"https://glassesshop-res.cloudinary.com/c_fill,f_auto,fl_lossy,q_auto,w_800,h_400,c_pad/products/201910/5db00f040fdf1.jpg",$19.95
Arlene,https://www.glassesshop.com/eyeglasses/fp1762,"https://glassesshop-res.cloudinary.com/c_fill,f_auto,fl_lossy,q_auto,w_800,h_400,c_pad/products/201808/5b7e0ee291eff.jpg",$24.95
Rainbow,https://www.glassesshop.com/eyeglasses/fp1658,"https://glassesshop-res.cloudinary.com/c_fill,f_auto,fl_lossy,q_auto,w_800,h_400,c_pad/products/201806/5b10dfd765cde.jpg",$12.95
Enoch,https://www.glassesshop.com/eyeglasses/fz1159,"https://glassesshop-res.cloudinary.com/c_fill,f_auto,fl_lossy,q_auto,w_800,h_400,c_pad/products/201805/5b0fae2e711fc.jpg",$29.95
Annabelle,https://www.glassesshop.com/eyeglasses/fp2084,"https://glassesshop-res.cloudinary.com/c_fill,f_auto,fl_lossy,q_auto,w_800,h_400,c_pad/products/202005/5eb8b580659c5.jpg",$24.95
Dinas,https://www.glassesshop.com/eyeglasses/fp1947,"https://glassesshop-res.cloudinary.com/c_fill,f_auto,fl_lossy,q_auto,w_800,h_400,c_pad/products/201909/5d8d7514a11ba.jpg",$12.95
Otis,https://www.glassesshop.com/eyeglasses/fp1742,"https://glassesshop-res.cloudinary.com/c_fill,f_auto,fl_lossy,q_auto,w_800,h_400,c_pad/products/201807/5b4c4e365c7ab.jpg",$6.95
Rochester,https://www.glassesshop.com/eyeglasses/fm1383,"https://glassesshop-res.cloudinary.com/c_fill,f_auto,fl_lossy,q_auto,w_800,h_400,c_pad/products/201906/5cff0f5a59b35.jpg",$29.95
Averies,https://www.glassesshop.com/eyeglasses/fp1830,"https://glassesshop-res.cloudinary.com/c_fill,f_auto,fl_lossy,q_auto,w_800,h_400,c_pad/products/201904/5cb69b4231106.jpg",$19.95
Rochester,https://www.glassesshop.com/eyeglasses/fm1382,"https://glassesshop-res.cloudinary.com/c_fill,f_auto,fl_lossy,q_auto,w_800,h_400,c_pad/products/201906/5cff0f5a55c40.jpg",$29.95
Christine,https://www.glassesshop.com/eyeglasses/fz1520,"https://glassesshop-res.cloudinary.com/c_fill,f_auto,fl_lossy,q_auto,w_800,h_400,c_pad/products/202009/5f68704cbcf03.jpg",$39.95
Alturas,https://www.glassesshop.com/eyeglasses/fm1417,"https://glassesshop-res.cloudinary.com/c_fill,f_auto,fl_lossy,q_auto,w_800,h_400,c_pad/products/202002/5e377f4d9cb97.jpg",$29.95
Osborn,https://www.glassesshop.com/eyeglasses/fm1276,"https://glassesshop-res.cloudinary.com/c_fill,f_auto,fl_lossy,q_auto,w_800,h_400,c_pad/products/201807/5b4c4d9fd39d3.jpg",$24.95
Gabriel,https://www.glassesshop.com/eyeglasses/rm0296,"https://glassesshop-res.cloudinary.com/c_fill,f_auto,fl_lossy,q_auto,w_800,h_400,c_pad/products/202009/5f5edd7b9f26a.jpg",$19.95
Eden,https://www.glassesshop.com/eyeglasses/fp2066,"https://glassesshop-res.cloudinary.com/c_fill,f_auto,fl_lossy,q_auto,w_800,h_400,c_pad/products/202004/5ea6a72682be1.jpg",$19.95
Yonkers,https://www.glassesshop.com/eyeglasses/fp1984,"https://glassesshop-res.cloudinary.com/c_fill,f_auto,fl_lossy,q_auto,w_800,h_400,c_pad/products/201910/5d9ff9b83e263.jpg",$12.95
Heather,https://www.glassesshop.com/eyeglasses/fp1704,"https://glassesshop-res.cloudinary.com/c_fill,f_auto,fl_lossy,q_auto,w_800,h_400,c_pad/products/202004/5e9d1d010a57b.jpg",$29.95
Joplin,https://www.glassesshop.com/eyeglasses/fz1492,"https://glassesshop-res.cloudinary.com/c_fill,f_auto,fl_lossy,q_auto,w_800,h_400,c_pad/products/202008/5f30c121b9e45.jpg",$24.95
Joni,https://www.glassesshop.com/eyeglasses/fp2025,"https://glassesshop-res.cloudinary.com/c_fill,f_auto,fl_lossy,q_auto,w_800,h_400,c_pad/products/201911/5dd3995ac6aa2.jpg",$29.95
Plains,https://www.glassesshop.com/eyeglasses/fp2026,"https://glassesshop-res.cloudinary.com/c_fill,f_auto,fl_lossy,q_auto,w_800,h_400,c_pad/products/201911/5dbfecc57f5b9.jpg",$24.95
Thomasville,https://www.glassesshop.com/eyeglasses/fp1565,"https://glassesshop-res.cloudinary.com/c_fill,f_auto,fl_lossy,q_auto,w_800,h_400,c_pad/products/201803/5ab49500a3081.jpg",$24.95
Zoe,https://www.glassesshop.com/eyeglasses/fp1456,"https://glassesshop-res.cloudinary.com/c_fill,f_auto,fl_lossy,q_auto,w_800,h_400,c_pad/products/201909/5d8d74c323898.jpg",$19.95
Valentina,https://www.glassesshop.com/eyeglasses/fp1453,"https://glassesshop-res.cloudinary.com/c_fill,f_auto,fl_lossy,q_auto,w_800,h_400,c_pad/products/201911/5dc4c12b79731.jpg",$19.95
Eleanore,https://www.glassesshop.com/eyeglasses/fp2118,"https://glassesshop-res.cloudinary.com/c_fill,f_auto,fl_lossy,q_auto,w_800,h_400,c_pad/products/202008/5f30d2e73d859.jpg",$24.95
Alturas,https://www.glassesshop.com/eyeglasses/fm1418,"https://glassesshop-res.cloudinary.com/c_fill,f_auto,fl_lossy,q_auto,w_800,h_400,c_pad/products/202002/5e377f54bf756.jpg",$29.95
Bloor,https://www.glassesshop.com/eyeglasses/fp1920,"https://glassesshop-res.cloudinary.com/c_fill,f_auto,fl_lossy,q_auto,w_800,h_400,c_pad/products/201908/5d4d18eee5210.jpg",$12.95
Bloor,https://www.glassesshop.com/eyeglasses/fp1919,"https://glassesshop-res.cloudinary.com/c_fill,f_auto,fl_lossy,q_auto,w_800,h_400,c_pad/products/201908/5d4d18ea9e41c.jpg",$12.95
Uriah,https://www.glassesshop.com/eyeglasses/fm1308,"https://glassesshop-res.cloudinary.com/c_fill,f_auto,fl_lossy,q_auto,w_800,h_400,c_pad/products/201810/5bbc4f033d516.jpg",$9.95
Payne,https://www.glassesshop.com/eyeglasses/fm1297,"https://glassesshop-res.cloudinary.com/c_fill,f_auto,fl_lossy,q_auto,w_800,h_400,c_pad/products/201808/5b72831004578.jpg",$29.95
Lyndon,https://www.glassesshop.com/eyeglasses/fm1284,"https://glassesshop-res.cloudinary.com/c_fill,f_auto,fl_lossy,q_auto,w_800,h_400,c_pad/products/201807/5b5fc1c0cc782.jpg",$19.95
Lopez,https://www.glassesshop.com/eyeglasses/fm1192,"https://glassesshop-res.cloudinary.com/c_fill,f_auto,fl_lossy,q_auto,w_800,h_400,c_pad/products/201804/5acd65a965f8e.jpg",$12.95
Land,https://www.glassesshop.com/eyeglasses/fp1276,"https://glassesshop-res.cloudinary.com/c_fill,f_auto,fl_lossy,q_auto,w_800,h_400,c_pad/products/201701/587f15a43dd95.jpg",$19.95
Celeste,https://www.glassesshop.com/eyeglasses/fm1471,"https://glassesshop-res.cloudinary.com/c_fill,f_auto,fl_lossy,q_auto,w_800,h_400,c_pad/products/202008/5f30d2a299820.jpg",$34.95
Norfolk,https://www.glassesshop.com/eyeglasses/fm1464,"https://glassesshop-res.cloudinary.com/c_fill,f_auto,fl_lossy,q_auto,w_800,h_400,c_pad/products/202005/5eb913c3e644d.jpg",$34.95
Guelph,https://www.glassesshop.com/eyeglasses/fp2003,"https://glassesshop-res.cloudinary.com/c_fill,f_auto,fl_lossy,q_auto,w_800,h_400,c_pad/products/201910/5da04f95e4904.jpg",$12.95
Yonkers,https://www.glassesshop.com/eyeglasses/fp1985,"https://glassesshop-res.cloudinary.com/c_fill,f_auto,fl_lossy,q_auto,w_800,h_400,c_pad/products/202006/5ee738a2b6efb.jpg",$12.95
Butler,https://www.glassesshop.com/eyeglasses/fp1842,"https://glassesshop-res.cloudinary.com/c_fill,f_auto,fl_lossy,q_auto,w_800,h_400,c_pad/products/201904/5cb69b513279a.jpg",$19.95
Mason,https://www.glassesshop.com/eyeglasses/fp1639,"https://glassesshop-res.cloudinary.com/c_fill,f_auto,fl_lossy,q_auto,w_800,h_400,c_pad/products/201805/5afe7e64195f1.jpg",$29.95
Plato,https://www.glassesshop.com/eyeglasses/fm1178,"https://glassesshop-res.cloudinary.com/c_fill,f_auto,fl_lossy,q_auto,w_800,h_400,c_pad/products/201804/5acd64955af9c.jpg",$5.95
Plato,https://www.glassesshop.com/eyeglasses/fm1184,"https://glassesshop-res.cloudinary.com/c_fill,f_auto,fl_lossy,q_auto,w_800,h_400,c_pad/products/201804/5acd64c835129.jpg",$5.95
LaSalle,https://www.glassesshop.com/eyeglasses/fp2051,"https://glassesshop-res.cloudinary.com/c_fill,f_auto,fl_lossy,q_auto,w_800,h_400,c_pad/products/202004/5ea6a6a3044b0.jpg",$19.95
Watertown,https://www.glassesshop.com/eyeglasses/fp1805,"https://glassesshop-res.cloudinary.com/c_fill,f_auto,fl_lossy,q_auto,w_800,h_400,c_pad/products/201903/5c99cd4246eda.jpg",$19.95
Nicole,https://www.glassesshop.com/eyeglasses/fz1084,"https://glassesshop-res.cloudinary.com/c_fill,f_auto,fl_lossy,q_auto,w_800,h_400,c_pad/products/201710/59e01c2d210b5.jpg",$19.95
Waycross,https://www.glassesshop.com/eyeglasses/fp2087,"https://glassesshop-res.cloudinary.com/c_fill,f_auto,fl_lossy,q_auto,w_800,h_400,c_pad/products/202005/5eb8b59553474.jpg",$24.95
Irvine,https://www.glassesshop.com/eyeglasses/fp2075,"https://glassesshop-res.cloudinary.com/c_fill,f_auto,fl_lossy,q_auto,w_800,h_400,c_pad/products/202005/5eb8b543cf393.jpg",$24.95
Marina,https://www.glassesshop.com/eyeglasses/fm1445,"https://glassesshop-res.cloudinary.com/c_fill,f_auto,fl_lossy,q_auto,w_800,h_400,c_pad/products/202002/5e4368da0acf0.jpg",$29.95
Jinbee,https://www.glassesshop.com/eyeglasses/fp1902,"https://glassesshop-res.cloudinary.com/c_fill,f_auto,fl_lossy,q_auto,w_800,h_400,c_pad/products/201905/5ce3acf5d8bc6.jpg",$19.95
Persol,https://www.glassesshop.com/eyeglasses/fp1859,"https://glassesshop-res.cloudinary.com/c_fill,f_auto,fl_lossy,q_auto,w_800,h_400,c_pad/products/201904/5cc16d554bf7c.jpg",$19.95
Averies,https://www.glassesshop.com/eyeglasses/fp1829,"https://glassesshop-res.cloudinary.com/c_fill,f_auto,fl_lossy,q_auto,w_800,h_400,c_pad/products/201904/5cb69b422b034.jpg",$19.95
Beulah,https://www.glassesshop.com/eyeglasses/fz1247,"https://glassesshop-res.cloudinary.com/c_fill,f_auto,fl_lossy,q_auto,w_800,h_400,c_pad/products/201910/5daeb8bb49037.jpg",$29.95
Oswald,https://www.glassesshop.com/eyeglasses/fp1741,"https://glassesshop-res.cloudinary.com/c_fill,f_auto,fl_lossy,q_auto,w_800,h_400,c_pad/products/201807/5b4c4e2ea05f7.jpg",$19.95
Derrick,https://www.glassesshop.com/eyeglasses/fp1657,"https://glassesshop-res.cloudinary.com/c_fill,f_auto,fl_lossy,q_auto,w_800,h_400,c_pad/products/201805/5af160006a5c9.jpg",$24.95
Evansville,https://www.glassesshop.com/eyeglasses/fp1363,"https://glassesshop-res.cloudinary.com/c_fill,f_auto,fl_lossy,q_auto,w_800,h_400,c_pad/products/201707/595c86272f021.jpg",$19.95
Amelia,https://www.glassesshop.com/eyeglasses/fm1553,"https://glassesshop-res.cloudinary.com/c_fill,f_auto,fl_lossy,q_auto,w_800,h_400,c_pad/products/202011/5fb23e9eb06f6.jpg",$34.95
Rosemary,https://www.glassesshop.com/eyeglasses/sup0757,"https://glassesshop-res.cloudinary.com/c_fill,f_auto,fl_lossy,q_auto,w_800,h_400,c_pad/products/202001/5e0eb46e23bdc.jpg",$29.95
Tacab,https://www.glassesshop.com/eyeglasses/fp1834,"https://glassesshop-res.cloudinary.com/c_fill,f_auto,fl_lossy,q_auto,w_800,h_400,c_pad/products/201904/5cb69b510ef0c.jpg",$19.95
Beulah,https://www.glassesshop.com/eyeglasses/fz1248,"https://glassesshop-res.cloudinary.com/c_fill,f_auto,fl_lossy,q_auto,w_800,h_400,c_pad/products/201910/5daeb8c27e48e.jpg",$29.95
BowlingGreen,https://www.glassesshop.com/eyeglasses/fp0917,"https://glassesshop-res.cloudinary.com/c_fill,f_auto,fl_lossy,q_auto,w_800,h_400,c_pad/products/201709/59c9aad199397.jpg",$29.95
Osmond,https://www.glassesshop.com/eyeglasses/fp1735,"https://glassesshop-res.cloudinary.com/c_fill,f_auto,fl_lossy,q_auto,w_800,h_400,c_pad/products/201807/5b4c4dfeeeb45.jpg",$19.95
Carrie,https://www.glassesshop.com/eyeglasses/fm1252,"https://glassesshop-res.cloudinary.com/c_fill,f_auto,fl_lossy,q_auto,w_800,h_400,c_pad/products/201805/5b0517771196a.jpg",$24.95
Cooksville,https://www.glassesshop.com/eyeglasses/fp1566,"https://glassesshop-res.cloudinary.com/c_fill,f_auto,fl_lossy,q_auto,w_800,h_400,c_pad/products/201803/5ab495953edf7.jpg",$24.95
Arlington,https://www.glassesshop.com/eyeglasses/fz1545,"https://glassesshop-res.cloudinary.com/c_fill,f_auto,fl_lossy,q_auto,w_800,h_400,c_pad/products/202011/5f9fb030b8569.jpg",$34.95
Jessica,https://www.glassesshop.com/eyeglasses/fp2091,"https://glassesshop-res.cloudinary.com/c_fill,f_auto,fl_lossy,q_auto,w_800,h_400,c_pad/products/202007/5f2119aa34633.jpg",$24.95
Watertown,https://www.glassesshop.com/eyeglasses/fp1806,"https://glassesshop-res.cloudinary.com/c_fill,f_auto,fl_lossy,q_auto,w_800,h_400,c_pad/products/201903/5c99cd4249635.jpg",$19.95
Hubbard,https://www.glassesshop.com/eyeglasses/fp1781,"https://glassesshop-res.cloudinary.com/c_fill,f_auto,fl_lossy,q_auto,w_800,h_400,c_pad/products/201812/5c244586d7042.jpg",$19.95
Hawthorn,https://www.glassesshop.com/eyeglasses/fm1349,"https://glassesshop-res.cloudinary.com/c_fill,f_auto,fl_lossy,q_auto,w_800,h_400,c_pad/products/201812/5c2436744043a.jpg",$29.95
Isaiah,https://www.glassesshop.com/eyeglasses/fp1642,"https://glassesshop-res.cloudinary.com/c_fill,f_auto,fl_lossy,q_auto,w_800,h_400,c_pad/products/201910/5db26823a6070.jpg",$19.95
Audrey,https://www.glassesshop.com/eyeglasses/fp2102,"https://glassesshop-res.cloudinary.com/c_fill,f_auto,fl_lossy,q_auto,w_800,h_400,c_pad/products/202006/5ef06e1da22a9.jpg",$19.95
Binghamton,https://www.glassesshop.com/eyeglasses/fp1811,"https://glassesshop-res.cloudinary.com/c_fill,f_auto,fl_lossy,q_auto,w_800,h_400,c_pad/products/201910/5db296d2d588a.jpg",$19.95
Igemar,https://www.glassesshop.com/eyeglasses/fm1258,"https://glassesshop-res.cloudinary.com/c_fill,f_auto,fl_lossy,q_auto,w_800,h_400,c_pad/products/201806/5b1a361aca3b8.jpg",$29.95
Angel,https://www.glassesshop.com/eyeglasses/fp1647,"https://glassesshop-res.cloudinary.com/c_fill,f_auto,fl_lossy,q_auto,w_800,h_400,c_pad/products/201805/5afe7eacbb789.jpg",$19.95
Laguna,https://www.glassesshop.com/eyeglasses/fp2126,"https://glassesshop-res.cloudinary.com/c_fill,f_auto,fl_lossy,q_auto,w_800,h_400,c_pad/products/202008/5f30d31c85097.jpg",$24.95
Avon,https://www.glassesshop.com/eyeglasses/fm1476,"https://glassesshop-res.cloudinary.com/c_fill,f_auto,fl_lossy,q_auto,w_800,h_400,c_pad/products/202008/5f475d9a595a9.jpg",$34.95
Salisbury,https://www.glassesshop.com/eyeglasses/fp2104,"https://glassesshop-res.cloudinary.com/c_fill,f_auto,fl_lossy,q_auto,w_800,h_400,c_pad/products/202006/5ef06e2c51365.jpg",$19.95
Rainbow,https://www.glassesshop.com/eyeglasses/fp2015,"https://glassesshop-res.cloudinary.com/c_fill,f_auto,fl_lossy,q_auto,w_800,h_400,c_pad/products/201910/5db16a61b4be2.jpg",$12.95
Ingemar,https://www.glassesshop.com/eyeglasses/rm0298,"https://glassesshop-res.cloudinary.com/c_fill,f_auto,fl_lossy,q_auto,w_800,h_400,c_pad/products/202009/5f5edd8188533.jpg",$19.95
Americus,https://www.glassesshop.com/eyeglasses/fp2080,"https://glassesshop-res.cloudinary.com/c_fill,f_auto,fl_lossy,q_auto,w_800,h_400,c_pad/products/202005/5eb8b56570204.jpg",$24.95
Mankato,https://www.glassesshop.com/eyeglasses/fz1475,"https://glassesshop-res.cloudinary.com/c_fill,f_auto,fl_lossy,q_auto,w_800,h_400,c_pad/products/202006/5ef06ec3ebfde.jpg",$29.95
Beulah,https://www.glassesshop.com/eyeglasses/fz1245,"https://glassesshop-res.cloudinary.com/c_fill,f_auto,fl_lossy,q_auto,w_800,h_400,c_pad/products/201910/5daeb8aaa34ed.jpg",$29.95
Evansville,https://www.glassesshop.com/eyeglasses/fp1362,"https://glassesshop-res.cloudinary.com/c_fill,f_auto,fl_lossy,q_auto,w_800,h_400,c_pad/products/201903/5c8721b66cc5a.jpg",$9.95
Hattiesburg,https://www.glassesshop.com/eyeglasses/fp2113,"https://glassesshop-res.cloudinary.com/c_fill,f_auto,fl_lossy,q_auto,w_800,h_400,c_pad/products/202008/5f30d3312b46c.jpg",$24.95
Elaine,https://www.glassesshop.com/eyeglasses/sm0889,"https://glassesshop-res.cloudinary.com/c_fill,f_auto,fl_lossy,q_auto,w_800,h_400,c_pad/products/202002/5e377fe534902.jpg",$39.95
Bloor,https://www.glassesshop.com/eyeglasses/fp1918,"https://glassesshop-res.cloudinary.com/c_fill,f_auto,fl_lossy,q_auto,w_800,h_400,c_pad/products/201908/5d4d18e5deb94.jpg",$12.95
Aiden,https://www.glassesshop.com/eyeglasses/fp1628,"https://glassesshop-res.cloudinary.com/c_fill,f_auto,fl_lossy,q_auto,w_800,h_400,c_pad/products/201805/5afe7d25ef34e.jpg",$19.95
Plains,https://www.glassesshop.com/eyeglasses/fp2027,"https://glassesshop-res.cloudinary.com/c_fill,f_auto,fl_lossy,q_auto,w_800,h_400,c_pad/products/202004/5e9fa6191609c.jpg",$24.95
Hyannis,https://www.glassesshop.com/eyeglasses/fp1111,"https://glassesshop-res.cloudinary.com/c_fill,f_auto,fl_lossy,q_auto,w_800,h_400,c_pad/products/201708/5983fe6c817c5.jpg",$9.95
Hatteras,https://www.glassesshop.com/eyeglasses/fp2132,"https://glassesshop-res.cloudinary.com/c_fill,f_auto,fl_lossy,q_auto,w_800,h_400,c_pad/products/202009/5f5edcce09795.jpg",$29.95
Carmelita,https://www.glassesshop.com/eyeglasses/ft0319,"https://glassesshop-res.cloudinary.com/c_fill,f_auto,fl_lossy,q_auto,w_800,h_400,c_pad/products/201906/5d03189692b6e.jpg",$54.95
Sherwood,https://www.glassesshop.com/eyeglasses/sm0885,"https://glassesshop-res.cloudinary.com/c_fill,f_auto,fl_lossy,q_auto,w_800,h_400,c_pad/products/201905/5cdcb3e76ce02.jpg",$29.95
Drew,https://www.glassesshop.com/eyeglasses/fm1229,"https://glassesshop-res.cloudinary.com/c_fill,f_auto,fl_lossy,q_auto,w_800,h_400,c_pad/products/201805/5af160e55bf3b.jpg",$29.95
Silber,https://www.glassesshop.com/eyeglasses/fm1182,"https://glassesshop-res.cloudinary.com/c_fill,f_auto,fl_lossy,q_auto,w_800,h_400,c_pad/products/201804/5acd64b80c1f1.jpg",$9.95
Abra,https://www.glassesshop.com/eyeglasses/fp1942,"https://glassesshop-res.cloudinary.com/c_fill,f_auto,fl_lossy,q_auto,w_800,h_400,c_pad/products/201910/5db00f2136e16.jpg",$19.95
Astrid,https://www.glassesshop.com/eyeglasses/fp1502,"https://glassesshop-res.cloudinary.com/c_fill,f_auto,fl_lossy,q_auto,w_800,h_400,c_pad/products/201911/5dc4c1328544a.jpg",$9.95
Dominic,https://www.glassesshop.com/eyeglasses/fp2151,"https://glassesshop-res.cloudinary.com/c_fill,f_auto,fl_lossy,q_auto,w_800,h_400,c_pad/products/202011/5f9faec3362e6.jpg",$12.95
Stephen,https://www.glassesshop.com/eyeglasses/sm0898,"https://glassesshop-res.cloudinary.com/c_fill,f_auto,fl_lossy,q_auto,w_800,h_400,c_pad/products/202009/5f5f30ccc7b43.jpg",$12.95
LaSalle,https://www.glassesshop.com/eyeglasses/fp2052,"https://glassesshop-res.cloudinary.com/c_fill,f_auto,fl_lossy,q_auto,w_800,h_400,c_pad/products/202004/5ea6a6aa1fb34.jpg",$19.95
Dinas,https://www.glassesshop.com/eyeglasses/fp1946,"https://glassesshop-res.cloudinary.com/c_fill,f_auto,fl_lossy,q_auto,w_800,h_400,c_pad/products/201911/5dc4c139ac5ce.jpg",$12.95
Novia,https://www.glassesshop.com/eyeglasses/fp1699,"https://glassesshop-res.cloudinary.com/c_fill,f_auto,fl_lossy,q_auto,w_800,h_400,c_pad/products/201805/5b03bbbbf1499.jpg",$19.95
Winston,https://www.glassesshop.com/eyeglasses/fm1500,"https://glassesshop-res.cloudinary.com/c_fill,f_auto,fl_lossy,q_auto,w_800,h_400,c_pad/products/202010/5f9237b7bed41.jpg",$24.95
Norfolk,https://www.glassesshop.com/eyeglasses/fm1462,"https://glassesshop-res.cloudinary.com/c_fill,f_auto,fl_lossy,q_auto,w_800,h_400,c_pad/products/202005/5eb913b653862.jpg",$34.95
Bevis,https://www.glassesshop.com/eyeglasses/fm1495,"https://glassesshop-res.cloudinary.com/c_fill,f_auto,fl_lossy,q_auto,w_800,h_400,c_pad/products/202009/5f5f30625eb2b.jpg",$29.95
Bellaire,https://www.glassesshop.com/eyeglasses/fp2175,"https://glassesshop-res.cloudinary.com/c_fill,f_auto,fl_lossy,q_auto,w_800,h_400,c_pad/products/202011/5f9faf659d15f.jpg",$24.95
Delia,https://www.glassesshop.com/eyeglasses/st0245,"https://glassesshop-res.cloudinary.com/c_fill,f_auto,fl_lossy,q_auto,w_800,h_400,c_pad/products/202008/5f30c1989004e.jpg",$54.95
Dominic,https://www.glassesshop.com/eyeglasses/fp2149,"https://glassesshop-res.cloudinary.com/c_fill,f_auto,fl_lossy,q_auto,w_800,h_400,c_pad/products/202011/5f9faeb45812b.jpg",$12.95
Laura,https://www.glassesshop.com/eyeglasses/fz1098,"https://glassesshop-res.cloudinary.com/c_fill,f_auto,fl_lossy,q_auto,w_800,h_400,c_pad/products/201710/59e01c91dd8f1.jpg",$9.95
Matthew,https://www.glassesshop.com/eyeglasses/sm0751,"https://glassesshop-res.cloudinary.com/c_fill,f_auto,fl_lossy,q_auto,w_800,h_400,c_pad/products/201707/5965e6954a9f3.jpg",$44.95
Ogden,https://www.glassesshop.com/eyeglasses/fp2165,"https://glassesshop-res.cloudinary.com/c_fill,f_auto,fl_lossy,q_auto,w_800,h_400,c_pad/products/202011/5f9faf1aa2b44.jpg",$24.95
Bevis,https://www.glassesshop.com/eyeglasses/fm1494,"https://glassesshop-res.cloudinary.com/c_fill,f_auto,fl_lossy,q_auto,w_800,h_400,c_pad/products/202009/5f5f305bd93d4.jpg",$29.95
Allen,https://www.glassesshop.com/eyeglasses/sm0900,"https://glassesshop-res.cloudinary.com/c_fill,f_auto,fl_lossy,q_auto,w_800,h_400,c_pad/products/202009/5f5f30da5833b.jpg",$29.95
Asheville,https://www.glassesshop.com/eyeglasses/fp1991,"https://glassesshop-res.cloudinary.com/c_fill,f_auto,fl_lossy,q_auto,w_800,h_400,c_pad/products/201910/5d9ff9e77ae6e.jpg",$12.95
Ezekiel,https://www.glassesshop.com/eyeglasses/fz1279,"https://glassesshop-res.cloudinary.com/c_fill,f_auto,fl_lossy,q_auto,w_800,h_400,c_pad/products/201810/5bbc50f665fff.jpg",$29.95
Arlene,https://www.glassesshop.com/eyeglasses/fp1763,"https://glassesshop-res.cloudinary.com/c_fill,f_auto,fl_lossy,q_auto,w_800,h_400,c_pad/products/201904/5ca2bda91b3a0.jpg",$24.95
Fresno,https://www.glassesshop.com/eyeglasses/fp2038,"https://glassesshop-res.cloudinary.com/c_fill,f_auto,fl_lossy,q_auto,w_800,h_400,c_pad/products/202002/5e377f71e127e.jpg",$12.95
Ezekiel,https://www.glassesshop.com/eyeglasses/fz1277,"https://glassesshop-res.cloudinary.com/c_fill,f_auto,fl_lossy,q_auto,w_800,h_400,c_pad/products/201810/5bbc50f6605c9.jpg",$29.95
Celeste,https://www.glassesshop.com/eyeglasses/fm1470,"https://glassesshop-res.cloudinary.com/c_fill,f_auto,fl_lossy,q_auto,w_800,h_400,c_pad/products/202008/5f30d29c54cab.jpg",$34.95
Prairie,https://www.glassesshop.com/eyeglasses/fz1512,"https://glassesshop-res.cloudinary.com/c_fill,f_auto,fl_lossy,q_auto,w_800,h_400,c_pad/products/202009/5f5f30f4cd92b.jpg",$34.95
Miami,https://www.glassesshop.com/eyeglasses/fz0982,"https://glassesshop-res.cloudinary.com/c_fill,f_auto,fl_lossy,q_auto,w_800,h_400,c_pad/products/201704/58f85d7ca440d.jpg",$29.95
Wheaton,https://www.glassesshop.com/eyeglasses/ft0389,"https://glassesshop-res.cloudinary.com/c_fill,f_auto,fl_lossy,q_auto,w_800,h_400,c_pad/products/202004/5ea6a7748d48b.jpg",$44.95
